Workbook
Name hmostnost: Hmotnost_Syrovec!$A$1:$E$37

Sheet Hmotnost_Syrovec
A1: ONO | B1: věk | C1: výška | D1: hmotnost | E1: BMI
A2: Z | B2: 18 | C2: 158 | D2: 50 | E2: 20.03
A3: Z | B3: 18 | C3: 169 | D3: 60 | E3: 21.01
A4: M | B4: 18 | C4: 185 | D4: 80 | E4: 23.37
A5: M | B5: 18 | C5: 184 | D5: 75 | E5: 22.15
A6: M | B6: 20 | C6: 174 | D6: 72 | E6: 23.78
A7: M | B7: 19 | C7: 191 | D7: 89 | E7: 24.4
A8: M | B8: 20 | C8: 185 | D8: 77 | E8: 22.5
A9: Z | B9: 19 | C9: 164 | D9: 47 | E9: 17.47
A10: Z | B10: 18 | C10: 173 | D10: 65 | E10: 21.72
A11: Z | B11: 19 | C11: 154 | D11: 52 | E11: 21.93
A12: Z | B12: 19 | C12: 178 | D12: 78 | E12: 24.62
A13: M | B13: 18 | C13: 176 | D13: 74 | E13: 23.89
... A37: M | B37: 20 | C37: 182 | D37: 100 | E37: 30.19

Sheet propojení
A1: =Hmotnost_Syrovec!A1 -> ONO | B1: =Hmotnost_Syrovec!B1 -> věk | C1: =Hmotnost_Syrovec!C1 -> výška | D1: =Hmotnost_Syrovec!D1 -> hmotnost | E1: =Hmotnost_Syrovec!E1 -> BMI
A2: =Hmotnost_Syrovec!A2 -> Z | B2: =Hmotnost_Syrovec!B2 -> 18 | C2: =Hmotnost_Syrovec!C2 -> 158 | D2: =Hmotnost_Syrovec!D2 -> 50 | E2: =Hmotnost_Syrovec!E2 -> 20.03
A3: =Hmotnost_Syrovec!A3 -> Z | B3: =Hmotnost_Syrovec!B3 -> 18 | C3: =Hmotnost_Syrovec!C3 -> 169 | D3: =Hmotnost_Syrovec!D3 -> 60 | E3: =Hmotnost_Syrovec!E3 -> 21.01
A4: =Hmotnost_Syrovec!A4 -> M | B4: =Hmotnost_Syrovec!B4 -> 18 | C4: =Hmotnost_Syrovec!C4 -> 185 | D4: =Hmotnost_Syrovec!D4 -> 80 | E4: =Hmotnost_Syrovec!E4 -> 23.37
A5: =Hmotnost_Syrovec!A5 -> M | B5: =Hmotnost_Syrovec!B5 -> 18 | C5: =Hmotnost_Syrovec!C5 -> 184 | D5: =Hmotnost_Syrovec!D5 -> 75 | E5: =Hmotnost_Syrovec!E5 -> 22.15
A6: =Hmotnost_Syrovec!A6 -> M | B6: =Hmotnost_Syrovec!B6 -> 20 | C6: =Hmotnost_Syrovec!C6 -> 174 | D6: =Hmotnost_Syrovec!D6 -> 72 | E6: =Hmotnost_Syrovec!E6 -> 23.78
A7: =Hmotnost_Syrovec!A7 -> M | B7: =Hmotnost_Syrovec!B7 -> 19 | C7: =Hmotnost_Syrovec!C7 -> 191 | D7: =Hmotnost_Syrovec!D7 -> 89 | E7: =Hmotnost_Syrovec!E7 -> 24.4
A8: =Hmotnost_Syrovec!A8 -> M | B8: =Hmotnost_Syrovec!B8 -> 20 | C8: =Hmotnost_Syrovec!C8 -> 185 | D8: =Hmotnost_Syrovec!D8 -> 77 | E8: =Hmotnost_Syrovec!E8 -> 22.5
A9: =Hmotnost_Syrovec!A9 -> Z | B9: =Hmotnost_Syrovec!B9 -> 19 | C9: =Hmotnost_Syrovec!C9 -> 164 | D9: =Hmotnost_Syrovec!D9 -> 47 | E9: =Hmotnost_Syrovec!E9 -> 17.47
A10: =Hmotnost_Syrovec!A10 -> Z | B10: =Hmotnost_Syrovec!B10 -> 18 | C10: =Hmotnost_Syrovec!C10 -> 173 | D10: =Hmotnost_Syrovec!D10 -> 65 | E10: =Hmotnost_Syrovec!E10 -> 21.72
A11: =Hmotnost_Syrovec!A11 -> Z | B11: =Hmotnost_Syrovec!B11 -> 19 | C11: =Hmotnost_Syrovec!C11 -> 154 | D11: =Hmotnost_Syrovec!D11 -> 52 | E11: =Hmotnost_Syrovec!E11 -> 21.93
A12: =Hmotnost_Syrovec!A12 -> Z | B12: =Hmotnost_Syrovec!B12 -> 19 | C12: =Hmotnost_Syrovec!C12 -> 178 | D12: =Hmotnost_Syrovec!D12 -> 78 | E12: =Hmotnost_Syrovec!E12 -> 24.62
... A37: =Hmotnost_Syrovec!A37 -> M | B37: =Hmotnost_Syrovec!B37 -> 20 | C37: =Hmotnost_Syrovec!C37 -> 182 | D37: =Hmotnost_Syrovec!D37 -> 100 | E37: =Hmotnost_Syrovec!E37 -> 30.19

Sheet transpon
A1: BMI | B1: 20.03 | C1: 21.01 | D1: 23.37 | E1: 22.15 | F1: 23.78 | G1: 24.4 | H1: 22.5 | I1: 17.47 | J1: 21.72 | K1: 21.93 | L1: 24.62 | M1: 23.89 | N1: 23.41 | O1: 20.78 | P1: 23.15 | Q1: 19.33 | R1: 18.91 | S1: 22.74 | T1: 2.6 | U1: 20.9 | V1: 22.6 | W1: 24.02 | X1: 22.72 | Y1: 20.76 | Z1: 19.53 | AA1: 20.55 | AB1: 21.97 | AC1: 21.13 | AD1: 19.27 | AE1: 21.09 | AF1: 24.15 | AG1: 20.06 | AH1: 15.78 | AI1: 20.06 | AJ1: 22.99 | AK1: 30.19
